-- phpMyAdmin SQL Dump
-- version 5.1.1
-- https://www.phpmyadmin.net/
--
-- Servidor: 127.0.0.1
-- Tiempo de generación: 31-03-2022 a las 05:37:21
-- Versión del servidor: 10.4.22-MariaDB
-- Versión de PHP: 8.1.1

SET SQL_MODE = "NO_AUTO_VALUE_ON_ZERO";
START TRANSACTION;
SET time_zone = "+00:00";


/*!40101 SET @OLD_CHARACTER_SET_CLIENT=@@CHARACTER_SET_CLIENT */;
/*!40101 SET @OLD_CHARACTER_SET_RESULTS=@@CHARACTER_SET_RESULTS */;
/*!40101 SET @OLD_COLLATION_CONNECTION=@@COLLATION_CONNECTION */;
/*!40101 SET NAMES utf8mb4 */;

--
-- Base de datos: `pulpof`
--

DELIMITER $$
--
-- Procedimientos
--
CREATE DEFINER=`root`@`localhost` PROCEDURE `consultar_barrio` ()  BEGIN
SELECT *
FROM barrio order by ID_Barrio Desc;
END$$

CREATE DEFINER=`root`@`localhost` PROCEDURE `consultar_ciudad` ()  BEGIN
SELECT *
FROM ciudad order by ID_ciudad Desc;
END$$

CREATE DEFINER=`root`@`localhost` PROCEDURE `consultar_clientes` ()  BEGIN
SELECT *
FROM cliente order by Cedula_Cliente Desc;
END$$

CREATE DEFINER=`root`@`localhost` PROCEDURE `consultar_detalleV` ()  BEGIN
SELECT *
FROM detalla_venta order by ID_DetalleVenta Desc;
END$$

CREATE DEFINER=`root`@`localhost` PROCEDURE `consultar_laboratorio` ()  BEGIN
SELECT *
FROM laboratorio order by ID_Laboratorio Desc;
END$$

CREATE DEFINER=`root`@`localhost` PROCEDURE `consultar_lote` ()  BEGIN
SELECT *
FROM lote order by Fecha_vencimiento Desc;
END$$

CREATE DEFINER=`root`@`localhost` PROCEDURE `consultar_presentacion` ()  BEGIN
SELECT *
FROM presentacion order by ID_Presentacion Desc;
END$$

CREATE DEFINER=`root`@`localhost` PROCEDURE `consultar_producto` ()  BEGIN
SELECT *
FROM producto order by Codigo_Producto Desc;
END$$

CREATE DEFINER=`root`@`localhost` PROCEDURE `consultar_provedor` ()  BEGIN
SELECT *
FROM provedor order by NiT_provedor Desc;
END$$

CREATE DEFINER=`root`@`localhost` PROCEDURE `consultar_rol` ()  BEGIN
SELECT *
FROM rol order by ID_Rol Desc;
END$$

CREATE DEFINER=`root`@`localhost` PROCEDURE `consultar_tipo` ()  BEGIN
SELECT *
FROM tipo order by ID_Tipo Desc;
END$$

CREATE DEFINER=`root`@`localhost` PROCEDURE `consultar_usuario` ()  BEGIN
SELECT *
FROM usuario order by Cedula_Usuario Desc;
END$$

CREATE DEFINER=`root`@`localhost` PROCEDURE `consultar_venta` ()  BEGIN
SELECT *
FROM venta order by ID_Venta Desc;
END$$

CREATE DEFINER=`root`@`localhost` PROCEDURE `consultar_ventaP` ()  BEGIN
SELECT *
FROM ventaproducto order by ID_VentaProducto Desc;
END$$

CREATE DEFINER=`root`@`localhost` PROCEDURE `editar_barrio` (IN `id` INT(25), IN `barrio` VARCHAR(25))  BEGIN
UPDATE barrio 
SET Nombre_barrio = barrio
WHERE ID_Barrio = id;
END$$

CREATE DEFINER=`root`@`localhost` PROCEDURE `editar_ciudad` (`id` INT(25), `ciudad` VARCHAR(25))  BEGIN
UPDATE ciudad 
SET Nombre_ciudad = ciudad
WHERE ID_ciudad = id;
END$$

CREATE DEFINER=`root`@`localhost` PROCEDURE `editar_cliente` (`cedula` VARCHAR(25), `nombre` VARCHAR(25), `apellido` VARCHAR(25), `direccion` VARCHAR(25), `telefono` INT(13), `barrioid` INT(25), `ciudadid` INT(25))  BEGIN
UPDATE cliente 
SET Nombre=nombre,Apellidos=apellido,Direccion=direccion,Telefono=telefono,BarrioID=barrioid,CiudadID=ciudadid 
WHERE Cedula_Cliente= cedula;
END$$

CREATE DEFINER=`root`@`localhost` PROCEDURE `editar_detalleV` (`id_detalle` INT(25), `ventaid` INT(25), `detallelote` INT(25), `detalleproducto` INT(25), `detalleprovedor` INT(25))  BEGIN 
UPDATE detalla_venta SET VentaID=ventaid,Detalle_Lote=detallelote,
Detalle_producto=detalleproducto,detalle_provedorID=detalleprovedor 
WHERE ID_DetalleVenta=id_detalle;
END$$

CREATE DEFINER=`root`@`localhost` PROCEDURE `editar_laboratorio` (`id` INT(25), `nombre` VARCHAR(25))  BEGIN
UPDATE laboratorio 
SET Nombre_Laboratorio = nombre
WHERE ID_Laboratorio = id;
END$$

CREATE DEFINER=`root`@`localhost` PROCEDURE `editar_lote` (IN `a` INT(25), IN `b` DATE, IN `c` VARCHAR(25), IN `d` INT(11), IN `f` INT(25))  BEGIN
UPDATE lote 
SET Fecha_vencimiento=b,provedorID=c,Stock=d,IdProducto = f
WHERE ID_Lote = a;
END$$

CREATE DEFINER=`root`@`localhost` PROCEDURE `editar_presentacion` (`id` INT(25), `nombre` VARCHAR(25))  BEGIN
UPDATE presentacion 
SET Nombre_Presentacion = nombre
WHERE ID_Presentacion = id;
END$$

CREATE DEFINER=`root`@`localhost` PROCEDURE `editar_producto` (`codigo` INT(25), `nombre` VARCHAR(25), `precioentrada` FLOAT, `preciocaja` FLOAT, `precioblister` FLOAT, `preciounidad` FLOAT, `concentracion` VARCHAR(25), `tipo` INT(25), `laboratorio` INT(25), `presentacion` INT(25))  BEGIN
UPDATE producto SET Nombre_Producto=nombre,Precio_Entrada=precioentrada,Precio_Caja=preciocaja,Precio_Blister=precioblister,
Precio_unidad=preciounidad,concentracion=concentracion,TipoID=tipo,LaboratorioID=laboratorio,PresentacionID=presentacion
WHERE Codigo_Producto=codigo;
END$$

CREATE DEFINER=`root`@`localhost` PROCEDURE `editar_provedor` (`nit` INT(25), `nombre` VARCHAR(25), `correo` VARCHAR(25), `telefono` VARCHAR(25), `direccion` VARCHAR(25))  BEGIN
UPDATE provedor SET Nombre=nombre,
Telefono=telefono,Correo=correo,Dirrecion=direccion
WHERE NiT_provedor=nit;
END$$

CREATE DEFINER=`root`@`localhost` PROCEDURE `editar_rol` (`id` INT(25), `nombre` VARCHAR(25))  BEGIN
UPDATE rol 
SET Nombre_Rol = nombre
WHERE ID_Rol = id;
END$$

CREATE DEFINER=`root`@`localhost` PROCEDURE `editar_tipo` (`id` INT(25), `nombre` VARCHAR(25))  BEGIN
UPDATE tipo 
SET Nombre_Tipo = nombre
WHERE ID_Tipo = id;
END$$

CREATE DEFINER=`root`@`localhost` PROCEDURE `editar_usuario` (`cedula` VARCHAR(25), `nombre` VARCHAR(25), `apellido` VARCHAR(25), `contraseña` VARCHAR(25), `usuario` VARCHAR(25), `idrol` INT(25))  BEGIN
UPDATE usuario SET Nombre=nombre,Apellido=apellido,Contraseña=contraseña,
usuario=usuario,ROLID=idrol
WHERE Cedula_Usuario=cedula;
END$$

CREATE DEFINER=`root`@`localhost` PROCEDURE `editar_venta` (`idventa` INT(25), `vproductoid` INT(25), `cliente` VARCHAR(25), `usuario` VARCHAR(25), `fecha` DATETIME)  BEGIN
UPDATE venta SET VentaProductoID=vproductoid,ClienteID=cliente,UsuarioID=usuario,
Fecha=fecha 
WHERE ID_Venta=idventa;
END$$

CREATE DEFINER=`root`@`localhost` PROCEDURE `editar_ventaP` (`idventaproducto` INT(25), `idproducto` INT(25), `cantidad` INT(11), `subtotal` FLOAT, `descuento` FLOAT, `ventaid` INT(25), `idlote` INT(25))  BEGIN
UPDATE ventaproducto SET ID_producto=idproducto,Cantidad=cantidad,Sub_Total=subtotal,
Descuento=descuento,VentaID=ventaid,IdLote=idlote
WHERE ID_VentaProducto=idventaproducto;
 END$$

CREATE DEFINER=`root`@`localhost` PROCEDURE `eliminar_barrio` (`del_id` INT(25))  BEGIN
 delete from barrio where ID_Barrio = del_id;
END$$

CREATE DEFINER=`root`@`localhost` PROCEDURE `eliminar_ciudad` (`del_id` INT(25))  BEGIN
 delete from ciudad where ID_ciudad = del_id;
END$$

CREATE DEFINER=`root`@`localhost` PROCEDURE `eliminar_cliente` (`del_id` VARCHAR(25))  BEGIN
 delete from cliente where Cedula_Cliente = del_id;
END$$

CREATE DEFINER=`root`@`localhost` PROCEDURE `eliminar_detalleV` (`del_id` INT(25))  BEGIN
 delete from detalla_venta where ID_DetalleVenta = del_id;
END$$

CREATE DEFINER=`root`@`localhost` PROCEDURE `eliminar_laboratorio` (`del_id` INT(25))  BEGIN
 delete from laboratorio where ID_Laboratorio = del_id;
END$$

CREATE DEFINER=`root`@`localhost` PROCEDURE `eliminar_lote` (IN `del_id` VARCHAR(25))  BEGIN
 delete from lote where ID_Lote = del_id;
END$$

CREATE DEFINER=`root`@`localhost` PROCEDURE `eliminar_presentacion` (`del_id` INT(25))  BEGIN
 delete from presentacion where ID_Presentacion = del_id;
END$$

CREATE DEFINER=`root`@`localhost` PROCEDURE `eliminar_producto` (`del_id` INT(25))  BEGIN
 delete from producto where Codigo_Producto = del_id;
END$$

CREATE DEFINER=`root`@`localhost` PROCEDURE `eliminar_provedor` (`del_id` INT(25))  BEGIN
 delete from provedor where NiT_provedor = del_id;
END$$

CREATE DEFINER=`root`@`localhost` PROCEDURE `eliminar_rol` (`del_id` INT(25))  BEGIN
 delete from rol where ID_Rol = del_id;
END$$

CREATE DEFINER=`root`@`localhost` PROCEDURE `eliminar_tipo` (`del_id` INT(25))  BEGIN
 delete from tipo where ID_Tipo = del_id;
END$$

CREATE DEFINER=`root`@`localhost` PROCEDURE `eliminar_usuario` (`del_id` VARCHAR(25))  BEGIN
 delete from usuario where Cedula_Usuario = del_id;
END$$

CREATE DEFINER=`root`@`localhost` PROCEDURE `eliminar_venta` (`del_id` INT(25))  BEGIN
 delete from venta where ID_Venta = del_id;
END$$

CREATE DEFINER=`root`@`localhost` PROCEDURE `eliminar_ventaP` (`del_id` INT(25))  BEGIN
 delete from ventaproducto where ID_VentaProducto = del_id;
END$$

CREATE DEFINER=`root`@`localhost` PROCEDURE `insertar_barrio` (`id` INT(25), `barrio` VARCHAR(25))  BEGIN
INSERT INTO barrio(ID_Barrio, Nombre_barrio) 
VALUES (id,barrio);
END$$

CREATE DEFINER=`root`@`localhost` PROCEDURE `insertar_ciudad` (`id` INT(25), `ciudad` VARCHAR(25))  BEGIN
INSERT INTO ciudad(ID_ciudad, Nombre_ciudad) 
VALUES (id,ciudad);
END$$

CREATE DEFINER=`root`@`localhost` PROCEDURE `insertar_cliente` (`cedula` VARCHAR(25), `nombre` VARCHAR(25), `apellido` VARCHAR(25), `direccion` VARCHAR(25), `telefono` INT(13), `barrioid` INT(25), `ciudadid` INT(25))  BEGIN
INSERT INTO cliente(Cedula_Cliente, Nombre, Apellidos, Direccion,Telefono, BarrioID, CiudadID) 
VALUES (cedula,nombre,apellido,direccion,telefono,barrioid,ciudadid);
END$$

CREATE DEFINER=`root`@`localhost` PROCEDURE `insertar_detalleV` (`id_detalle` INT(25), `ventaid` INT(25), `detallelote` INT(25), `detalleproducto` INT(25), `detalleprovedor` INT(25))  BEGIN
INSERT INTO detalla_venta(ID_DetalleVenta, VentaID, Detalle_Lote, Detalle_producto, detalle_provedorID)
VALUES (id_detalle,ventaid,detallelote,detalleproducto,detalleprovedor);
END$$

CREATE DEFINER=`root`@`localhost` PROCEDURE `insertar_laboratorio` (`id` INT(25), `nombre` VARCHAR(25))  BEGIN
INSERT INTO laboratorio(ID_Laboratorio, Nombre_Laboratorio) 
VALUES (id,nombre);
END$$

CREATE DEFINER=`root`@`localhost` PROCEDURE `insertar_lote` (`ID_Lote` INT(25), `Fecha_vencimiento` DATE, `provedorID` VARCHAR(25), `Stock` INT(11), `IdProducto` INT(25))  BEGIN
INSERT INTO lote(ID_Lote, Fecha_vencimiento, provedorID, Stock, IdProducto) 
VALUES (ID_Lote, Fecha_vencimiento, provedorID, Stock, IdProducto);
END$$

CREATE DEFINER=`root`@`localhost` PROCEDURE `insertar_presentacion` (`id` INT(25), `nombre` VARCHAR(25))  BEGIN
INSERT INTO presentacion(ID_Presentacion, Nombre_Presentacion) 
VALUES (id,nombre);
END$$

CREATE DEFINER=`root`@`localhost` PROCEDURE `insertar_producto` (`codigo` INT(25), `nombre` VARCHAR(25), `precioentrada` FLOAT, `preciocaja` FLOAT, `precioblister` FLOAT, `preciounidad` FLOAT, `concentracion` VARCHAR(25), `tipo` INT(25), `laboratorio` INT(25), `presentacion` INT(25))  BEGIN
INSERT INTO producto(Codigo_Producto, Nombre_Producto, Precio_Entrada, Precio_Caja, Precio_Blister, Precio_unidad,
concentracion, TipoID, LaboratorioID, PresentacionID )
VALUES (codigo,nombre,precioentrada,preciocaja,precioblister,
preciounidad,concentracion,tipo,laboratorio,presentacion);
END$$

CREATE DEFINER=`root`@`localhost` PROCEDURE `insertar_provedor` (`nit` INT(25), `nombre` VARCHAR(25), `correo` VARCHAR(25), `telefono` VARCHAR(25), `direccion` VARCHAR(25))  BEGIN
INSERT INTO provedor(NiT_provedor, Nombre, Telefono, Correo, Dirrecion)
VALUES (nit,nombre,correo,telefono,direccion);
END$$

CREATE DEFINER=`root`@`localhost` PROCEDURE `insertar_rol` (`id` INT(25), `nombre` VARCHAR(25))  BEGIN
INSERT INTO rol(ID_Rol, Nombre_Rol) 
VALUES (id,nombre);
END$$

CREATE DEFINER=`root`@`localhost` PROCEDURE `insertar_tipo` (`id` INT(25), `nombre` VARCHAR(25))  BEGIN
INSERT INTO tipo(ID_Tipo, Nombre_Tipo) 
VALUES (id,nombre);
END$$

CREATE DEFINER=`root`@`localhost` PROCEDURE `insertar_usuario` (`cedula` VARCHAR(25), `nombre` VARCHAR(25), `apellido` VARCHAR(25), `contraseña` VARCHAR(25), `usuario` VARCHAR(25), `idrol` INT(25))  BEGIN
INSERT INTO usuario(Cedula_Usuario, Nombre, Apellido, Contraseña, usuario, ROLID)
VALUES (cedula,nombre,apellido,contraseña,usuario,idrol);
END$$

CREATE DEFINER=`root`@`localhost` PROCEDURE `insertar_venta` (`idventa` INT(25), `vproductoid` INT(25), `cliente` VARCHAR(25), `usuario` VARCHAR(25), `fecha` DATETIME)  BEGIN
INSERT INTO venta(ID_Venta, VentaProductoID, ClienteID, UsuarioID, Fecha) 
VALUES (idventa,vproductoid,cliente,usuario,fecha);
END$$

CREATE DEFINER=`root`@`localhost` PROCEDURE `insertar_ventaP` (`idventaproducto` INT(25), `idproducto` INT(25), `cantidad` INT(11), `subtotal` FLOAT, `descuento` FLOAT, `ventaid` INT(25), `idlote` INT(25))  BEGIN
INSERT INTO ventaproducto(ID_VentaProducto, ID_producto, Cantidad, Sub_Total, Descuento, VentaID, IdLote)
 VALUES (idventaproducto,idproducto,cantidad,subtotal,descuento,ventaid,idlote);
 END$$

CREATE DEFINER=`root`@`localhost` PROCEDURE `LABORATORIO` (`letra` CHAR)  begin 
select * from laboratorio  where Nombre_Laboratorio like  'letra%';
end$$

CREATE DEFINER=`root`@`localhost` PROCEDURE `Producto_rango` (`rango1` INT, `rango2` INT)  begin 
select * from producto  where Precio_Caja between rango1 and rango2 order by Nombre_Producto;
end$$

CREATE DEFINER=`root`@`localhost` PROCEDURE `sp_producto_laboratorio` ()  begin 
select Nombre_Producto as producto ,Nombre_Laboratorio as laboratorio from producto,laboratorio
 where ID_Laboratorio=producto.LaboratorioID  order by laboratorio;
end$$

CREATE DEFINER=`root`@`localhost` PROCEDURE `sp_producto_lote` ()  begin 
select producto.Nombre_Producto,producto.Precio_Caja,lote.Fecha_vencimiento,lote.Stock from producto , lote where producto.Codigo_Producto =lote.ID_Producto ;
end$$

DELIMITER ;

-- --------------------------------------------------------

--
-- Estructura de tabla para la tabla `barrio`
--

CREATE TABLE `barrio` (
  `ID_Barrio` int(25) NOT NULL,
  `Nombre_barrio` varchar(25) DEFAULT NULL,
  `Comuna` int(25) NOT NULL,
  `idCiudad` int(25) DEFAULT NULL
) ENGINE=InnoDB DEFAULT CHARSET=utf8mb4;

--
-- Volcado de datos para la tabla `barrio`
--

INSERT INTO `barrio` (`ID_Barrio`, `Nombre_barrio`, `Comuna`, `idCiudad`) VALUES
(1, 'Milagrosa', 9, 1),
(2, 'Villa hermosa', 8, 1),
(4, 'Aldea Pablo VI', 1, 1),
(5, 'Carpinelo', 1, 1),
(6, 'El Compromiso', 1, 1),
(7, 'Granizal', 1, 1),
(8, 'La Avanzada', 1, 1),
(9, 'La Esperanza N.º 2', 1, 1),
(10, 'Popular N.º 1', 1, 1),
(11, 'Moscú N.º 2', 1, 1),
(12, 'Popular N.º 2', 1, 1),
(13, 'Santo Domingo Savio N.º 1', 1, 1),
(14, 'Santo Domingo Savio N.º 2', 1, 1),
(15, 'San Pablo', 1, 1),
(16, 'Villa Guadalupe', 1, 1),
(17, 'Santa Cruz', 2, 1),
(18, 'La Isla', 2, 1),
(19, 'El Playón de Los Comunero', 2, 1),
(21, 'Pablo VI', 2, 1),
(22, 'La Frontera', 2, 1),
(23, 'La Francia', 2, 1),
(24, 'Andalucía', 2, 1),
(25, 'Villa del Socorro', 2, 1),
(26, 'Villa Niza', 2, 1),
(27, 'Moscú N.º 1', 2, 1),
(28, 'La Rosa', 2, 1),
(29, 'La Salle', 3, 1),
(30, 'Las Granjas', 3, 1),
(31, 'Campo Valdés N.º 2', 3, 1),
(32, 'Santa Inés', 3, 1),
(33, 'El Raizal', 3, 1),
(34, 'El Pomar', 3, 1),
(35, 'Manrique Central N.º 2', 3, 1),
(36, 'Manrique Oriental', 3, 1),
(37, 'Versalles N.º 1', 3, 1),
(38, 'Versalles N.º 2', 3, 1),
(39, 'La Cruz', 3, 1),
(40, 'La Honda', 3, 1),
(41, 'Oriente', 3, 1),
(42, 'Maria Cano - Carambola', 3, 1),
(43, 'San José La Cima N.º 1', 3, 1),
(44, 'San José La Cima N.º 2', 3, 1),
(45, 'Aranjuez', 4, 1),
(46, 'Berlín', 4, 1),
(47, 'San Isidro', 4, 1),
(48, 'Palermo', 4, 1),
(49, 'Bermejal - Los Álamos', 4, 1),
(50, 'Moravia', 4, 1),
(51, 'Sevilla', 4, 1),
(52, 'San Pedro', 4, 1),
(53, 'Manrique Central N.º 1', 4, 1),
(54, 'Campo Valdés N.º 1', 4, 1),
(55, 'La Piñuela', 4, 1),
(56, 'Las Esmeraldas', 4, 1),
(57, 'Brasilia', 4, 1),
(58, 'Miranda', 4, 1),
(59, 'Castilla', 5, 1),
(60, 'Toscana', 5, 1),
(61, 'Héctor Abad Gómez', 5, 1),
(62, 'Las Brisas', 5, 1),
(63, 'Florencia', 5, 1),
(64, 'Tejelo', 5, 1),
(65, 'Boyacá', 5, 1),
(66, 'Belalcázar', 5, 1),
(67, 'Girardot', 5, 1),
(68, 'Tricentenario', 5, 1),
(69, 'Francisco Antonio Zea', 5, 1),
(70, 'Alfonso López', 5, 1),
(71, 'Caribe', 5, 1),
(72, 'El Progreso', 5, 1),
(73, 'Doce de Octubre N.º 1', 6, 1),
(74, 'Doce de Octubre N.º 2', 6, 1),
(75, 'Santander', 6, 1),
(76, 'Pedregal', 6, 1),
(77, 'La Esperanza', 6, 1),
(78, 'San Martín de Porres', 6, 1),
(79, 'Kennedy', 6, 1),
(80, 'Picacho', 6, 1),
(81, 'Mirador del Doce', 6, 1),
(82, 'Picachito', 6, 1),
(83, 'El Progreso N.º 2', 6, 1),
(84, 'El Triunfo', 6, 1),
(85, 'Robledo', 7, 1),
(86, 'El Volador', 7, 1),
(87, 'San Germán', 7, 1),
(88, 'Barrio Facultad de Minas', 7, 1),
(89, 'La Pilarica', 7, 1),
(90, 'Bosques de San Pablo', 7, 1),
(91, 'Altamira', 7, 1),
(92, 'Córdoba', 7, 1),
(93, 'López de Mesa', 7, 1),
(94, 'El Diamante', 7, 1),
(95, 'Aures N.º 1', 7, 1),
(96, 'Aures N.º 2', 7, 1),
(97, 'Bello Horizonte', 7, 1),
(98, 'Villa Flora', 7, 1),
(99, 'Palenque', 7, 1),
(100, 'Cucaracho', 7, 1);

-- --------------------------------------------------------

--
-- Estructura de tabla para la tabla `ciudad`
--

CREATE TABLE `ciudad` (
  `ID_ciudad` int(25) NOT NULL,
  `Nombre_ciudad` varchar(25) DEFAULT NULL
) ENGINE=InnoDB DEFAULT CHARSET=utf8mb4;

--
-- Volcado de datos para la tabla `ciudad`
--

INSERT INTO `ciudad` (`ID_ciudad`, `Nombre_ciudad`) VALUES
(1, 'Medellin'),
(2, 'Bello'),
(3, 'Envigado'),
(4, 'Caldas'),
(5, 'Barbosa'),
(6, 'La estrella'),
(7, 'Itagui'),
(8, 'Girardota'),
(9, 'Sabaneta'),
(10, 'Copacabana');

-- --------------------------------------------------------

--
-- Estructura de tabla para la tabla `cliente`
--

CREATE TABLE `cliente` (
  `Cedula_Cliente` varchar(25) NOT NULL,
  `Nombre` varchar(25) DEFAULT NULL,
  `Apellidos` varchar(25) DEFAULT NULL,
  `Direccion` varchar(25) DEFAULT NULL,
  `Telefono` int(13) NOT NULL,
  `BarrioID` int(25) DEFAULT NULL
) ENGINE=InnoDB DEFAULT CHARSET=utf8mb4;

--
-- Volcado de datos para la tabla `cliente`
--

INSERT INTO `cliente` (`Cedula_Cliente`, `Nombre`, `Apellidos`, `Direccion`, `Telefono`, `BarrioID`) VALUES
('10003', 'Sebastian', 'El mejor', 'Calle 35 #32-80', 22589654, 1),
('10232152', 'sebastian', 'cardona', '22222', 0, 22),
('525535', 'Sebastian', 'Cardona', 'Calle 35 #32-80', 222365, 1),
('555535', 'Sebastian', 'Cardona', 'calle moore', 22222, 1);

-- --------------------------------------------------------

--
-- Estructura de tabla para la tabla `detalleventa`
--

CREATE TABLE `detalleventa` (
  `ID_DetalleVenta` int(25) NOT NULL,
  `VentaID` int(25) DEFAULT NULL,
  `Detalle_Lote` int(25) DEFAULT NULL,
  `Detalle_producto` int(25) DEFAULT NULL,
  `detalle_provedorID` int(25) DEFAULT NULL
) ENGINE=InnoDB DEFAULT CHARSET=utf8mb4;

--
-- Volcado de datos para la tabla `detalleventa`
--

INSERT INTO `detalleventa` (`ID_DetalleVenta`, `VentaID`, `Detalle_Lote`, `Detalle_producto`, `detalle_provedorID`) VALUES
(1, 1, 4, 9, 1);

-- --------------------------------------------------------

--
-- Estructura de tabla para la tabla `factura_orden`
--

CREATE TABLE `factura_orden` (
  `order_id` int(11) NOT NULL,
  `order_date` timestamp NOT NULL DEFAULT current_timestamp(),
  `order_receiver_name` varchar(250) CHARACTER SET utf8 NOT NULL,
  `order_receiver_address` text CHARACTER SET utf8 NOT NULL,
  `order_total_before_tax` decimal(10,2) NOT NULL,
  `order_total_tax` decimal(10,2) NOT NULL,
  `order_tax_per` varchar(250) CHARACTER SET utf8 NOT NULL,
  `order_total_after_tax` double(10,2) NOT NULL,
  `order_amount_paid` decimal(10,2) NOT NULL,
  `order_total_amount_due` decimal(10,2) NOT NULL,
  `note` text CHARACTER SET utf8 NOT NULL
) ENGINE=InnoDB DEFAULT CHARSET=latin1;

--
-- Volcado de datos para la tabla `factura_orden`
--

INSERT INTO `factura_orden` (`order_id`, `order_date`, `order_receiver_name`, `order_receiver_address`, `order_total_before_tax`, `order_total_tax`, `order_tax_per`, `order_total_after_tax`, `order_amount_paid`, `order_total_amount_due`, `note`) VALUES
(1, '2022-03-31 01:09:30', 'Pulpo', 'Calle tales pascuales', '8000.00', '0.00', '', 8000.00, '0.00', '8000.00', 'ni idea');

-- --------------------------------------------------------

--
-- Estructura de tabla para la tabla `factura_orden_producto`
--

CREATE TABLE `factura_orden_producto` (
  `order_item_id` int(11) NOT NULL,
  `order_id` int(11) NOT NULL,
  `item_code` varchar(250) NOT NULL,
  `item_name` varchar(250) NOT NULL,
  `order_item_quantity` decimal(10,2) NOT NULL,
  `order_item_price` decimal(10,2) NOT NULL,
  `order_item_final_amount` decimal(10,2) NOT NULL
) ENGINE=InnoDB DEFAULT CHARSET=utf8;

--
-- Volcado de datos para la tabla `factura_orden_producto`
--

INSERT INTO `factura_orden_producto` (`order_item_id`, `order_id`, `item_code`, `item_name`, `order_item_quantity`, `order_item_price`, `order_item_final_amount`) VALUES
(3, 1, '1000', 'Lentejas', '16.00', '500.00', '8000.00');

-- --------------------------------------------------------

--
-- Estructura de tabla para la tabla `factura_usuarios`
--

CREATE TABLE `factura_usuarios` (
  `id` int(11) NOT NULL,
  `email` varchar(100) NOT NULL,
  `password` varchar(100) NOT NULL,
  `first_name` varchar(100) NOT NULL,
  `last_name` varchar(100) NOT NULL,
  `mobile` bigint(20) NOT NULL,
  `address` text NOT NULL,
  `rolId` int(25) DEFAULT NULL
) ENGINE=InnoDB DEFAULT CHARSET=utf8;

--
-- Volcado de datos para la tabla `factura_usuarios`
--

INSERT INTO `factura_usuarios` (`id`, `email`, `password`, `first_name`, `last_name`, `mobile`, `address`, `rolId`) VALUES
(1, 'registro@baulphp.com', '12345', 'BaulPHP', '', 78979676, '', 0),
(2, 'esneidercar33@gmail.com', '1234', 'Sebastian', 'Cardona', 3172667154, 'calle 35#32-80', 1);

-- --------------------------------------------------------

--
-- Estructura de tabla para la tabla `laboratorio`
--

CREATE TABLE `laboratorio` (
  `ID_Laboratorio` int(25) NOT NULL,
  `Nombre_Laboratorio` varchar(25) DEFAULT NULL
) ENGINE=InnoDB DEFAULT CHARSET=utf8mb4;

--
-- Volcado de datos para la tabla `laboratorio`
--

INSERT INTO `laboratorio` (`ID_Laboratorio`, `Nombre_Laboratorio`) VALUES
(1, 'LAPROFF'),
(2, 'AMERICAN GENERICS'),
(3, 'MENARINI'),
(4, 'MENARINI'),
(5, 'A.F.'),
(9, 'ABBOTT'),
(10, 'ABBVIE'),
(11, 'ACCORD FARMA'),
(12, 'ACTELION'),
(13, 'ADVAITA'),
(14, 'ALCON'),
(15, 'ALERIA'),
(16, 'ALLEN LABORATORIOS'),
(17, 'ALLERGAN'),
(18, 'ALMIRALL'),
(19, 'ALPHARMA'),
(20, 'ALVARTIS'),
(21, 'AMGEN MÉXICO'),
(22, 'ANCHOR FARMA'),
(23, 'ANDRÓMACO'),
(24, 'AMSA'),
(25, 'APOPHARMA'),
(26, 'APOTEX'),
(27, 'ARLEX'),
(28, 'ARMSTRONG'),
(29, 'ASOFARMA'),
(30, 'ASPEN LABS'),
(31, 'ASPID'),
(32, 'ASTRAZENECA'),
(33, 'ATLANTIS'),
(34, 'AVIVIA PHARMA'),
(35, 'ALFASIGMA'),
(36, NULL),
(37, NULL),
(38, NULL),
(39, NULL),
(40, NULL),
(41, 'ABBOTT'),
(42, 'ABBVIE'),
(43, 'ACCORD FARMA'),
(44, 'ACTELION'),
(45, 'ADVAITA'),
(46, 'ALCON'),
(47, 'ALERIA'),
(48, 'ALLEN LABORATORIOS'),
(49, 'ALLERGAN'),
(50, 'ALMIRALL'),
(51, 'ALPHARMA'),
(52, 'ALVARTIS'),
(53, 'AMGEN MÉXICO'),
(54, 'ANCHOR FARMA'),
(55, 'ANDRÓMACO'),
(56, 'AMSA'),
(57, 'APOPHARMA'),
(58, 'APOTEX'),
(59, 'ARLEX'),
(60, 'ARMSTRONG'),
(61, 'ASOFARMA'),
(62, 'ASPEN LABS'),
(63, 'ASPID'),
(64, 'ASTRAZENECA'),
(65, 'ATLANTIS'),
(66, 'AVIVIA PHARMA'),
(67, 'ALFASIGMA'),
(68, NULL),
(69, NULL),
(70, NULL),
(71, NULL),
(72, NULL);

-- --------------------------------------------------------

--
-- Estructura de tabla para la tabla `lote`
--

CREATE TABLE `lote` (
  `ID_Lote` int(25) NOT NULL,
  `Fecha_vencimiento` date DEFAULT NULL,
  `provedorID` int(25) DEFAULT NULL,
  `Stock` int(11) DEFAULT NULL,
  `IdProducto` int(25) DEFAULT NULL
) ENGINE=InnoDB DEFAULT CHARSET=utf8mb4;

--
-- Volcado de datos para la tabla `lote`
--

INSERT INTO `lote` (`ID_Lote`, `Fecha_vencimiento`, `provedorID`, `Stock`, `IdProducto`) VALUES
(4, '2022-01-27', 1, 25, 2),
(52, '2022-03-22', 2, 54, 4);

-- --------------------------------------------------------

--
-- Estructura de tabla para la tabla `presentacion`
--

CREATE TABLE `presentacion` (
  `ID_Presentacion` int(25) NOT NULL,
  `Nombre_Presentacion` varchar(25) DEFAULT NULL
) ENGINE=InnoDB DEFAULT CHARSET=utf8mb4;

--
-- Volcado de datos para la tabla `presentacion`
--

INSERT INTO `presentacion` (`ID_Presentacion`, `Nombre_Presentacion`) VALUES
(1, 'Jarabe'),
(2, 'Pastillas');

-- --------------------------------------------------------

--
-- Estructura de tabla para la tabla `producto`
--

CREATE TABLE `producto` (
  `Codigo_Producto` int(25) NOT NULL,
  `Nombre_Producto` varchar(25) DEFAULT NULL,
  `Precio_Entrada` float DEFAULT NULL,
  `Precio_Caja` float DEFAULT NULL,
  `Precio_Blister` float DEFAULT NULL,
  `Precio_unidad` float DEFAULT NULL,
  `concentracion` varchar(25) DEFAULT NULL,
  `TipoID` int(25) DEFAULT NULL,
  `LaboratorioID` int(25) DEFAULT NULL,
  `PresentacionID` int(25) DEFAULT NULL
) ENGINE=InnoDB DEFAULT CHARSET=utf8mb4;

--
-- Volcado de datos para la tabla `producto`
--

INSERT INTO `producto` (`Codigo_Producto`, `Nombre_Producto`, `Precio_Entrada`, `Precio_Caja`, `Precio_Blister`, `Precio_unidad`, `concentracion`, `TipoID`, `LaboratorioID`, `PresentacionID`) VALUES
(1, 'Buenas ssss', 10000, 15000, 2000, 300, '500g', 2, 2, 2),
(2, 'acetaminofen', 10000, 15000, 2000, 300, '500g', 2, 2, 2),
(3, 'bupivacaína', 50000, 40000, 10000, 5000, '500g', 1, 10, 2),
(4, 'METFORMINA ', 50000, 30000, 10000, 500, '500mg', 6, 47, 2),
(5, 'GLIBENCLAMIDA ', 80000, 90000, 50000, 10000, '5MG', 10, 10, 2),
(6, 'MEDROXIPROGESTERONA ACETA', 10000, 12000, 6000, 600, '150MG', 4, 43, 2),
(9, 'ATENOLOL ', 25000, 30000, 15000, 1500, '25MG', 8, 21, 2),
(10, 'CAPTOPRIL ', 15000, 20000, 5000, 500, '25MG', 10, 10, 2),
(11, 'Tuper', 7000, 10000, 10, 0, '15MG', 1, 10, 2),
(12, 'Acetaminofen', 2, 2, 1, 200, '500MG', 1, 1, 1),
(13, 'Acetaminofen', 2, 2, 1, 200, '500MG', 1, 1, 1),
(14, 'asd', 2, 2.5, 1, 200, '500MG', 1, 1, 1),
(15, 'dklakd', 2, 2.5, 10000, 200, '500MG', 1, 1, 1),
(18, 'juan', 2, 2.5, 1, 200, '500MG', 4, 17, 2),
(19, 'Quesito', 2, 2.5, 1, 200, '500MG', 10, 11, 2),
(20, 'acetato de aluminio', 2, 2.5, 1, 200, '500MG', 1, 1, 1),
(21, 'Buenas ssss', 5, 5, 5, 5, '55', 1, 1, 1);

-- --------------------------------------------------------

--
-- Estructura de tabla para la tabla `provedor`
--

CREATE TABLE `provedor` (
  `NiT_provedor` int(25) NOT NULL,
  `Nombre` varchar(25) DEFAULT NULL,
  `Telefono` varchar(25) DEFAULT NULL,
  `Correo` varchar(25) DEFAULT NULL,
  `Dirrecion` varchar(25) DEFAULT NULL
) ENGINE=InnoDB DEFAULT CHARSET=utf8mb4;

--
-- Volcado de datos para la tabla `provedor`
--

INSERT INTO `provedor` (`NiT_provedor`, `Nombre`, `Telefono`, `Correo`, `Dirrecion`) VALUES
(1, 'Monaco', '2393939', 'Alguien@gmail.com', 'Calle 35#32-80'),
(2, 'Pasteur', '22222', 'kasjas@gmail.com', 'asAS'),
(3, 'Pasteur', '22222', 'kasjas@gmail.com', 'sads324 3534');

-- --------------------------------------------------------

--
-- Estructura de tabla para la tabla `rol`
--

CREATE TABLE `rol` (
  `ID_Rol` int(25) NOT NULL,
  `Nombre_Rol` varchar(25) DEFAULT NULL
) ENGINE=InnoDB DEFAULT CHARSET=utf8mb4;

--
-- Volcado de datos para la tabla `rol`
--

INSERT INTO `rol` (`ID_Rol`, `Nombre_Rol`) VALUES
(1, 'Administrador'),
(2, 'Vendedor');

-- --------------------------------------------------------

--
-- Estructura de tabla para la tabla `tipo`
--

CREATE TABLE `tipo` (
  `ID_Tipo` int(25) NOT NULL,
  `Nombre_Tipo` varchar(25) DEFAULT NULL
) ENGINE=InnoDB DEFAULT CHARSET=utf8mb4;

--
-- Volcado de datos para la tabla `tipo`
--

INSERT INTO `tipo` (`ID_Tipo`, `Nombre_Tipo`) VALUES
(1, 'Analgesico'),
(2, 'Antiinflamatorios'),
(3, 'Antiácidos'),
(4, 'antiulcerosos'),
(5, 'Antialérgicos'),
(6, 'Antidiarreicos'),
(7, 'laxantes'),
(8, 'Antiinfecciosos'),
(9, 'Antiinflamatorios'),
(10, 'Antiacidos'),
(11, 'Antitusivos'),
(12, 'mucolíticos'),
(45454, 'asas');

-- --------------------------------------------------------

--
-- Estructura de tabla para la tabla `usuario`
--

CREATE TABLE `usuario` (
  `Cedula_Usuario` varchar(25) NOT NULL,
  `Nombre` varchar(25) DEFAULT NULL,
  `Apellido` varchar(25) DEFAULT NULL,
  `Clave` varchar(25) DEFAULT NULL,
  `usuario` varchar(25) DEFAULT NULL,
  `ROLID` int(25) DEFAULT NULL
) ENGINE=InnoDB DEFAULT CHARSET=utf8mb4;

--
-- Volcado de datos para la tabla `usuario`
--

INSERT INTO `usuario` (`Cedula_Usuario`, `Nombre`, `Apellido`, `Clave`, `usuario`, `ROLID`) VALUES
('1000394148', 'Sebastian ', 'Cardona', '123', 'admin', 1),
('101723385', 'juan pablo', 'cano gallo', '123', 'Jpcano', 1),
('1017233853', 'juan pablo', 'cano gallo', '123456', NULL, NULL),
('1234567', 'juan', 'asdasd', '', 'asdasd', 2),
('1564', 'manuelito', 'gallego', NULL, NULL, NULL),
('4445455', 'asdasds', 'asdasd', '', 'asdasd', 1),
('45454', 'asdasds', 'asdasd', '', 'asdasd', 1),
('7454', 'asasas', 'asdasd', '', 'asdasd', 2),
('888888', 'asasas', 'asdasd', '', 'asdasd', 2),
('8888887', 'asasas', 'asdasd', '', 'asdasd', 2);

-- --------------------------------------------------------

--
-- Estructura de tabla para la tabla `venta`
--

CREATE TABLE `venta` (
  `ID_Venta` int(25) NOT NULL,
  `VentaProductoID` int(25) DEFAULT NULL,
  `ClienteID` varchar(25) DEFAULT NULL,
  `UsuarioID` varchar(25) DEFAULT NULL,
  `Fecha` datetime DEFAULT NULL
) ENGINE=InnoDB DEFAULT CHARSET=utf8mb4;

--
-- Volcado de datos para la tabla `venta`
--

INSERT INTO `venta` (`ID_Venta`, `VentaProductoID`, `ClienteID`, `UsuarioID`, `Fecha`) VALUES
(1, 1, '10003', '101723385', '2021-09-02 22:36:26');

-- --------------------------------------------------------

--
-- Estructura de tabla para la tabla `ventaproducto`
--

CREATE TABLE `ventaproducto` (
  `ID_VentaProducto` int(25) NOT NULL,
  `ID_producto` int(25) DEFAULT NULL,
  `Cantidad` int(11) DEFAULT NULL,
  `Sub_Total` float DEFAULT NULL,
  `Descuento` float DEFAULT NULL,
  `VentaID` int(25) DEFAULT NULL,
  `IdLote` int(25) DEFAULT NULL
) ENGINE=InnoDB DEFAULT CHARSET=utf8mb4;

--
-- Volcado de datos para la tabla `ventaproducto`
--

INSERT INTO `ventaproducto` (`ID_VentaProducto`, `ID_producto`, `Cantidad`, `Sub_Total`, `Descuento`, `VentaID`, `IdLote`) VALUES
(1, 3, 6, 80000, 5000, NULL, NULL);

--
-- Índices para tablas volcadas
--

--
-- Indices de la tabla `barrio`
--
ALTER TABLE `barrio`
  ADD PRIMARY KEY (`ID_Barrio`),
  ADD KEY `ID_Barrio` (`ID_Barrio`),
  ADD KEY `ID_Ciudad` (`idCiudad`);

--
-- Indices de la tabla `ciudad`
--
ALTER TABLE `ciudad`
  ADD PRIMARY KEY (`ID_ciudad`),
  ADD KEY `ID_ciudad` (`ID_ciudad`);

--
-- Indices de la tabla `cliente`
--
ALTER TABLE `cliente`
  ADD PRIMARY KEY (`Cedula_Cliente`),
  ADD KEY `BarrioID` (`BarrioID`);

--
-- Indices de la tabla `detalleventa`
--
ALTER TABLE `detalleventa`
  ADD PRIMARY KEY (`ID_DetalleVenta`),
  ADD KEY `VentaID` (`VentaID`,`Detalle_Lote`,`Detalle_producto`,`detalle_provedorID`),
  ADD KEY `Detalle_Lote` (`Detalle_Lote`),
  ADD KEY `Detalle_producto` (`Detalle_producto`),
  ADD KEY `detalle_provedorID` (`detalle_provedorID`);

--
-- Indices de la tabla `factura_orden`
--
ALTER TABLE `factura_orden`
  ADD PRIMARY KEY (`order_id`);

--
-- Indices de la tabla `factura_orden_producto`
--
ALTER TABLE `factura_orden_producto`
  ADD PRIMARY KEY (`order_item_id`);

--
-- Indices de la tabla `factura_usuarios`
--
ALTER TABLE `factura_usuarios`
  ADD PRIMARY KEY (`id`);

--
-- Indices de la tabla `laboratorio`
--
ALTER TABLE `laboratorio`
  ADD PRIMARY KEY (`ID_Laboratorio`);

--
-- Indices de la tabla `lote`
--
ALTER TABLE `lote`
  ADD PRIMARY KEY (`ID_Lote`),
  ADD KEY `provedorID` (`provedorID`),
  ADD KEY `provedorID_2` (`provedorID`),
  ADD KEY `IdProducto` (`IdProducto`);

--
-- Indices de la tabla `presentacion`
--
ALTER TABLE `presentacion`
  ADD PRIMARY KEY (`ID_Presentacion`);

--
-- Indices de la tabla `producto`
--
ALTER TABLE `producto`
  ADD PRIMARY KEY (`Codigo_Producto`),
  ADD KEY `TipoID` (`TipoID`,`LaboratorioID`,`PresentacionID`),
  ADD KEY `LaboratorioID` (`LaboratorioID`),
  ADD KEY `PresentacionID` (`PresentacionID`);

--
-- Indices de la tabla `provedor`
--
ALTER TABLE `provedor`
  ADD PRIMARY KEY (`NiT_provedor`);

--
-- Indices de la tabla `rol`
--
ALTER TABLE `rol`
  ADD PRIMARY KEY (`ID_Rol`);

--
-- Indices de la tabla `tipo`
--
ALTER TABLE `tipo`
  ADD PRIMARY KEY (`ID_Tipo`);

--
-- Indices de la tabla `usuario`
--
ALTER TABLE `usuario`
  ADD PRIMARY KEY (`Cedula_Usuario`),
  ADD KEY `ROLID` (`ROLID`);

--
-- Indices de la tabla `venta`
--
ALTER TABLE `venta`
  ADD PRIMARY KEY (`ID_Venta`),
  ADD KEY `ClienteID` (`ClienteID`,`UsuarioID`),
  ADD KEY `VentaProductoID` (`VentaProductoID`),
  ADD KEY `UsuarioID` (`UsuarioID`);

--
-- Indices de la tabla `ventaproducto`
--
ALTER TABLE `ventaproducto`
  ADD PRIMARY KEY (`ID_VentaProducto`),
  ADD KEY `ID_producto` (`ID_producto`,`VentaID`),
  ADD KEY `VentaID` (`VentaID`),
  ADD KEY `IdLote` (`IdLote`);

--
-- AUTO_INCREMENT de las tablas volcadas
--

--
-- AUTO_INCREMENT de la tabla `barrio`
--
ALTER TABLE `barrio`
  MODIFY `ID_Barrio` int(25) NOT NULL AUTO_INCREMENT, AUTO_INCREMENT=101;

--
-- AUTO_INCREMENT de la tabla `ciudad`
--
ALTER TABLE `ciudad`
  MODIFY `ID_ciudad` int(25) NOT NULL AUTO_INCREMENT, AUTO_INCREMENT=11;

--
-- AUTO_INCREMENT de la tabla `detalleventa`
--
ALTER TABLE `detalleventa`
  MODIFY `ID_DetalleVenta` int(25) NOT NULL AUTO_INCREMENT, AUTO_INCREMENT=3;

--
-- AUTO_INCREMENT de la tabla `factura_orden`
--
ALTER TABLE `factura_orden`
  MODIFY `order_id` int(11) NOT NULL AUTO_INCREMENT, AUTO_INCREMENT=4;

--
-- AUTO_INCREMENT de la tabla `factura_orden_producto`
--
ALTER TABLE `factura_orden_producto`
  MODIFY `order_item_id` int(11) NOT NULL AUTO_INCREMENT, AUTO_INCREMENT=6;

--
-- AUTO_INCREMENT de la tabla `factura_usuarios`
--
ALTER TABLE `factura_usuarios`
  MODIFY `id` int(11) NOT NULL AUTO_INCREMENT, AUTO_INCREMENT=3;

--
-- AUTO_INCREMENT de la tabla `laboratorio`
--
ALTER TABLE `laboratorio`
  MODIFY `ID_Laboratorio` int(25) NOT NULL AUTO_INCREMENT, AUTO_INCREMENT=101;

--
-- AUTO_INCREMENT de la tabla `lote`
--
ALTER TABLE `lote`
  MODIFY `ID_Lote` int(25) NOT NULL AUTO_INCREMENT, AUTO_INCREMENT=53;

--
-- AUTO_INCREMENT de la tabla `presentacion`
--
ALTER TABLE `presentacion`
  MODIFY `ID_Presentacion` int(25) NOT NULL AUTO_INCREMENT, AUTO_INCREMENT=4;

--
-- AUTO_INCREMENT de la tabla `producto`
--
ALTER TABLE `producto`
  MODIFY `Codigo_Producto` int(25) NOT NULL AUTO_INCREMENT, AUTO_INCREMENT=22;

--
-- AUTO_INCREMENT de la tabla `provedor`
--
ALTER TABLE `provedor`
  MODIFY `NiT_provedor` int(25) NOT NULL AUTO_INCREMENT, AUTO_INCREMENT=9;

--
-- AUTO_INCREMENT de la tabla `venta`
--
ALTER TABLE `venta`
  MODIFY `ID_Venta` int(25) NOT NULL AUTO_INCREMENT, AUTO_INCREMENT=3;

--
-- AUTO_INCREMENT de la tabla `ventaproducto`
--
ALTER TABLE `ventaproducto`
  MODIFY `ID_VentaProducto` int(25) NOT NULL AUTO_INCREMENT, AUTO_INCREMENT=4;

--
-- Restricciones para tablas volcadas
--

--
-- Filtros para la tabla `barrio`
--
ALTER TABLE `barrio`
  ADD CONSTRAINT `barrio_ibfk_1` FOREIGN KEY (`idCiudad`) REFERENCES `ciudad` (`ID_ciudad`);

--
-- Filtros para la tabla `cliente`
--
ALTER TABLE `cliente`
  ADD CONSTRAINT `cliente_ibfk_1` FOREIGN KEY (`BarrioID`) REFERENCES `barrio` (`ID_Barrio`);

--
-- Filtros para la tabla `detalleventa`
--
ALTER TABLE `detalleventa`
  ADD CONSTRAINT `detalleventa_ibfk_1` FOREIGN KEY (`VentaID`) REFERENCES `venta` (`ID_Venta`),
  ADD CONSTRAINT `detalleventa_ibfk_2` FOREIGN KEY (`Detalle_Lote`) REFERENCES `lote` (`ID_Lote`),
  ADD CONSTRAINT `detalleventa_ibfk_3` FOREIGN KEY (`Detalle_producto`) REFERENCES `producto` (`Codigo_Producto`),
  ADD CONSTRAINT `detalleventa_ibfk_4` FOREIGN KEY (`detalle_provedorID`) REFERENCES `provedor` (`NiT_provedor`);

--
-- Filtros para la tabla `lote`
--
ALTER TABLE `lote`
  ADD CONSTRAINT `lote_ibfk_2` FOREIGN KEY (`IdProducto`) REFERENCES `producto` (`Codigo_Producto`),
  ADD CONSTRAINT `lote_ibfk_3` FOREIGN KEY (`provedorID`) REFERENCES `provedor` (`NiT_provedor`);

--
-- Filtros para la tabla `producto`
--
ALTER TABLE `producto`
  ADD CONSTRAINT `producto_ibfk_1` FOREIGN KEY (`LaboratorioID`) REFERENCES `laboratorio` (`ID_Laboratorio`) ON UPDATE CASCADE,
  ADD CONSTRAINT `producto_ibfk_2` FOREIGN KEY (`TipoID`) REFERENCES `tipo` (`ID_Tipo`),
  ADD CONSTRAINT `producto_ibfk_3` FOREIGN KEY (`PresentacionID`) REFERENCES `presentacion` (`ID_Presentacion`);

--
-- Filtros para la tabla `usuario`
--
ALTER TABLE `usuario`
  ADD CONSTRAINT `usuario_ibfk_1` FOREIGN KEY (`ROLID`) REFERENCES `rol` (`ID_Rol`);

--
-- Filtros para la tabla `venta`
--
ALTER TABLE `venta`
  ADD CONSTRAINT `venta_ibfk_1` FOREIGN KEY (`VentaProductoID`) REFERENCES `ventaproducto` (`ID_VentaProducto`),
  ADD CONSTRAINT `venta_ibfk_2` FOREIGN KEY (`UsuarioID`) REFERENCES `usuario` (`Cedula_Usuario`),
  ADD CONSTRAINT `venta_ibfk_3` FOREIGN KEY (`ClienteID`) REFERENCES `cliente` (`Cedula_Cliente`);

--
-- Filtros para la tabla `ventaproducto`
--
ALTER TABLE `ventaproducto`
  ADD CONSTRAINT `ventaproducto_ibfk_1` FOREIGN KEY (`ID_producto`) REFERENCES `producto` (`Codigo_Producto`),
  ADD CONSTRAINT `ventaproducto_ibfk_2` FOREIGN KEY (`IdLote`) REFERENCES `lote` (`ID_Lote`);
COMMIT;

/*!40101 SET CHARACTER_SET_CLIENT=@OLD_CHARACTER_SET_CLIENT */;
/*!40101 SET CHARACTER_SET_RESULTS=@OLD_CHARACTER_SET_RESULTS */;
/*!40101 SET COLLATION_CONNECTION=@OLD_COLLATION_CONNECTION */;
